Year,Return,Cumulative Return
2021,1.6343296727812078,1.6343296727812078
2023,1.1820023544889013,4.748113548508572
2024,2.2516042916837278,17.690590683415856
